_id,name,point,comment
658ab479cdbd5f02a2c393c3,Jay Oh,3.5,당장 내 자신에게서 발견할 수 있는 불쾌한 골짜기.\nDo electric sheep know they are dreamt?
658ab479cdbd5f02a2c393c5,Doo,4.0,<공각기동대> 의 속편. 퀄리티는 더 좋아졌다. 그리고 그만큼 다루는 내용도 더 복잡해졌다. 특유의 오싹한 분위기도 여전하다.
658ab479cdbd5f02a2c393c7,에치양,4.0,근미래 사이버 펑크 시대의 완벽한 시각적 구현. 근데 마모루 씨 전작도 그렇고 재미에도 신경을 좀 쓰셨으면...
658ab479cdbd5f02a2c393c9,Dh,3.5,기계화로 사이보그가 공존하는 시대. 인간이 어떻게 나아가야할 것인가를 철학적으로 풀어낸다.\n전편에 비해 시각적인 부분은 발전했지만 던져주는 메시지는 2% 아쉽다..\n#인간은 왜 이토록 닮은 꼴을 만들고 싶어하는 걸까?..\n#도와줘요..\n#18.10.03
658ab479cdbd5f02a2c393cb,다솜땅,3.5,우울한 바탕에 참신함과 기괴함을 섞어 밋밋한 맛이 되었다.
658ab479cdbd5f02a2c393cd,Eagleeye17,3.0,"<2017 대중예술의 이해5>\n'나는 누구인가'라는 질문을 던진 1편을 이어 '어떻게 살아야 하는가'라는 질문을 던지는 2편. 블레이드 러너의 고뇌가 2049에서 변모한 양상과 유사하다. 9년 간의 간극을 실감케 하는 여타 사이버펑크 영화(ai, 매트릭스 등)들의 영향과 그래픽 향상은 덤"
658ab479cdbd5f02a2c393cf,언논논,2.0,- 전작의 밀도가 거짓말같이 느껴지는 무의미한 사색 혹은 허세
658ab479cdbd5f02a2c393d1,무면,4.0,일본 애니메이션의 정점에 달하는 미장셴. 그리고 전작 못지않은 흥미로운 철학. 그 둘을 이만큼 활용한것도 대단하다고 생각한다. 인용구만 좀 작작 썼으면 더 좋았을거란 아쉬움은 있어도 말이다.
658ab479cdbd5f02a2c393d3,진교왕,2.5,어렵고 이해가 어려운 이야기가 작품성 있는 명작을 만드는 것이 아니라 적당히 이해하기 쉬운 스토리가 흥미와 감동을 부른다.
658ab479cdbd5f02a2c393d5,이진우,4.0,서양의 SF는 액션을 위해 존재한다면 동양의 SF는 철학을 위해 존재한다 느꼈다 그리고 일본은 SF찍을꺼면 실사말고 애니메이션으로만 만드는게 좋다고 생각된다
658ab479cdbd5f02a2c393d7,재우,3.0,공각기동대를 보고 꾼 악몽 같다
658ab479cdbd5f02a2c393d9,김토끼,4.5,우리의 삶은 충동적으로 내던질 수 있을 만큼 그렇게 가볍지 않다.
658ab479cdbd5f02a2c393db,별빠,3.5,"'쿠사나기'의 난해한 가르침, '버트'의 순수한 깨달음, '마모루'의 철학적 세계관."
658ab47acdbd5f02a2c393dd,T_L_N_,5.0,'생명이란 무엇인가'에 대한 9년 만의 대답.\n1편보다 쉽게 갔더니 어렵다는 비난이 돌아왔다.\n어떤 의미로는 오시이 마모루 판 <붉은 돼지>.
658ab47acdbd5f02a2c393df,이용주,4.0,"95년판 공각기동대에선 뇌 일부만이 온전히 자기의 것으로 인간을 규정하는 범위는 어디까지인가, 나의 존재, 나의 기억들은 온전히 나만의 것인가를 고뇌하는 모토코를 볼 수 있었다면\n04년판 이노센스는 과연 인간의 고스트(삶의 기억과 추억의 일부)가 복제된, 모습조차도 인간과 비슷한 인형을 ‘생명’으로 규정할 수 있는가. 그러한 생명 윤리에서 고뇌하는 바트의 모습을 볼 수 있었다"
658ab47acdbd5f02a2c393e1,고운,3.0,"거울이 왜 헤매임의 도구인가. 그건 실체와 모상(거울에 비친 상)만 존재하는 세계에서는 자기 인지의 도구가 자기 자신밖에 없기 때문이다. 모상을 통해 자기 자신의 실체를 확인하기 위해서는 적어도 모상보다 자신의 상이 명징하다고 하는 확신이 필요한데, 이 확신을 모상을 통해야 얻을 수 있으므로 자연히 헤매이게 될 수밖에. \n나는 누구인가, 1편에서는 그 물음을 바토(심신이원론을 은유. 이 담론은 인간의 정신과 육체를 서로 다른 기원을 가지고 있는, 구분되는 개념으로 본다)와 쿠사나기를 통해 풀어갔다. 그러나 2편에서는 왜 인형을 인간과 이토록 흡사하게 만들고자 하는가, 로 질문이 변한다. 여기서 작품 자체가 퇴화한다. 인간 정체성의 확장을 논하던 1편과 달리 결백이라고 하는 작품 제목 자체, 작품 전체에 흐르는 괴뢰요의 가사, 등장 인물의 모든 대사가 ‘왜 이런 모습으로 이런 세상을 살아가야 하는가, 왜 이런 지경이 되었는가’를 성토하고 있기 때문. \n육질인 부분은 뇌밖에 없는 쿠사나기가 있을 때에는 도리어 인간이란 무엇인가에 대해 논했는데, 쿠사나기가 떠나고 그보다 인간과 가까운 인물만 남은 2편에서는 인형을 주제로 이야기가 전개된다니 아이러니다. 관객이 궁금한 건 인형의 입장이나 생각이 아니었을 것이다. 우리, 즉 인간이 왜 이렇게 행동해야만 했었는가. 그것을 말해주지도 못하고 현학적 잠언만 늘어놓으니 재미나 의의가 전작만도 못할 수밖에. 인간이 왜 인형을 그토록 자신과 흡사하게 만드는지, 그 나름대로의 이유를 육아 놀이로 빗대어 설명한 건 너무도 부족한 설명이었다. 이미 작품에서 나오지 않았는가. 인간이 만든 것은 그 개체의 모습을 닮는다고. 종의 진화가 시작된 이래 인간은 더 나은 것을 좇아왔다. 인간이 인형을 제 이상형으로 만든 것은, “실현할 수 있는 것을 실현하는” 인간의 습성, 그리고 생존 본능과 함께 발달해 온 진화 욕구의 복합적 결과다. 그러나 전작에서 이미 나왔듯, 인간의 신체와 뇌가 더 이상 인간 고유의 것이 아니게 되었을 때, 그 통제를 일부나마 다른 것에 위임했을 때, 이상을 향하고자 하는 욕망을 인형에게 전부 투사하기 시작했을 때 인간은 자신의 행동을 되돌아보았어야만 했다. 결백(Innocence)은 인간의 것이 아닌, 기계와 인형의 것이다."
658ab47acdbd5f02a2c393e3,라이언,3.5,철학적인 물음속에 뒤섞이는 자아
658ab47acdbd5f02a2c393e5,미평,3.0,여전히 대단한 화면과 연출 그런데 상당히 수다스럽다
658ab47acdbd5f02a2c393e7,제제*,3.0,화면에서 풍겨오는 세련미는 더욱 깊어졌지만 깊은 시선으로 사색하는 것이 장점이었던 전작과 달리 현학적인 철학을 입으로 풀어내기 바쁘니 더 가벼워졌으면서 복잡해지기까지 한 애매한 작품이 됐다.
658ab47acdbd5f02a2c393e9,루살카,5.0,감독의 지루한 철학 강의 같단 느낌\n그래도 오시이 마모루
658ab47acdbd5f02a2c393eb,박리세윤,4.0,아 이거 04년도 작품이었네?;;; 12년도 작품에도 안 꿀리는 미친퀄리티...
658ab47acdbd5f02a2c393ed,최미자와 지피디,3.5,철학적인 영화와 철학을 남발하는 영화의 차이를 몰랐던 것일까...
658ab47acdbd5f02a2c393ef,타코네 아부지,3.5,분위기와 세계관은 흠 잡을 곳 없으나 떨어지는 텐션과 사건을 끌고나가는 캐릭터 구축 실패
658ab47acdbd5f02a2c393f1,상맹,4.0,2D와 3D를 2차원 화면 아래 녹여내고 더 기괴하고 화려한 미장셴과 특유의 사이버펑크 분위기는 전편보다 훌륭하게 녹여냈다. 하지만 전편의 명성 중 철학적 깊이에 너무 부담을 가진 탓인지 처음부터 너무 현학적이고 자의식과잉이 아닐까 싶을 정도의 대사들이 오갔다. 그래서 초반에는 접점을 찾기는 쉽지 않았다.\n\n전 편의 명성 중 또 하나였던 액션과 오락성은 후반부에와서야 해소가 되지만 작품 내내 둘 다 교묘히 갖춘 전 편에 비해 아쉬운 건 사실. 그래도 포스트 아포칼립스와 사이버펑크의 이미지 그리고 AI시대에 더 대두되는 기계와 인간 그리고 인형에 대해 여전히 생각할 거리를 주는 수작임에는 분명하다.
658ab47acdbd5f02a2c393f3,CINEX,2.0,같은 감독의 작품이 맞나 싶을 정도로 의심된다.\n대부분이 말하는 액션이 없다는 건 빼더라도 급격히 떨어지는 이야기의 템포와 공각기동대라하면 떠오르는 소령에 대해서 조금이나마 기대했던 사람들이 느꼈을 실망과 조금의 배신감까지. 게다가 부자연스러운 이야기의 전개까지.\n화면을 공들이다보니 나머지는 다 날아가버린 느낌.\n다시 한 번 블레이드 러너가 얼마나 위대한 작품인지를 깨닫게 되었다.
658ab47acdbd5f02a2c393f5,Oscar Papa,4.0,오시이 마모루 감독은 항상 애니메이션이 사이버 펑크적 화두를 던지는 데에 얼마나 훌륭한 도구인지 강의해주는듯 하다. 
658ab47acdbd5f02a2c393f7,육승완,3.0,하기사 <공각기동대> 속편인데 1편보다 잘 만들면 그게 사람이야? 네트지 ㅋㅋㅋㅋ
658ab47acdbd5f02a2c393f9,강민수,3.5,나는 나비의 꿈을 꾸는가? 혹은 나비가 나의 꿈을 꾸는가?
658ab47acdbd5f02a2c393fb,해성,4.0,follow me to a land across the shining sea\nwaiting beyond the world we have known\nbeyond the world the dream could be\nand the joy we have tasted\nfollow me along the road that only love can see\nrising above the fun years of the night\ninto the light beyond the tears\nand all the years we have wasted\nfollow me to a distant land this mountain high\nwhere all the music that we always kept inside will fill the sky\nsinging in the silent swerve a heart is free\nwhile the world goes on turning and turning\nturning and falling...\n-\n소령의 속마음같은 가사...
658ab47acdbd5f02a2c393fd,jh,4.5,아쉬운건 주인공들의 매력일뿐\n인용구 대사들로 이루어진 순결한 영상시집
658ab47acdbd5f02a2c393ff,Hoon,4.0,"스스로의 굴레에 갇힌 평작이지만, 비쥬얼 하나만은 최고다."
658ab47acdbd5f02a2c39401,김진영,4.0,한 편의 현학적인 시를 들려주기에 적당한 SF 영상미. 이해하기 어렵다는 것이 아름답지 못하다는 것은 아니다.
658ab47acdbd5f02a2c39403,inhae,4.0,와 미쳤네 이만화. 문득 내가 그저 웃자고 만드는 가벼운소재를 안좋아한다는걸 또 깨달음..
658ab47acdbd5f02a2c39405,손영우,4.0,우리사회가 나아가는 길에 이런 끔찍한 일이 없기를 바랄 뿐 이다.
658ab47acdbd5f02a2c39407,𝚂𝚎𝚗𝚍𝚘𝚑𝟽𝟿𝟸𝟹,4.0,"엔딩크레딧 올라가던 순간, 극장에 퍼지던 follow  me. . .\n무거운 철학적 사유의 애니메이션인 줄 알았는데 슬픈 러브스토리일 줄."
658ab47acdbd5f02a2c39409,비디오 키드,3.5,빛나는 영상미와 쿠사나기의 부제
658ab47bcdbd5f02a2c3940b,이경철,4.0,"너무 배경과 이미지에 치중해서 스토리에 대한 몰입도가 떨어지지만, 공각 기동대 특유의 느낌은 살아 있습니다. 이야기에 비해서 너무 긴 영화."
658ab47bcdbd5f02a2c3940d,julie 🌈🏳️‍🌈,4.0,더 어려워지고 더 넓은 세계관을 보여주는 오시이 마모루의 수작.
658ab47bcdbd5f02a2c3940f,정성학🇰🇷,3.5,"마모루 감독답게 역시 공각기동대 삘과 세계관은 유지하고 있지만, 소령이 없는 자리를 바트 혼자서는 버겁게 느껴진다"
658ab47bcdbd5f02a2c39411,낡은피아노,4.5,"^대사에 치우쳐 전편보다 내용이 좀 아쉽다.\n^대사는 따로 음성만 빼서 소리파일로 만들어 들었다. 일본어 공부에 도움됨. 어차피 명언 격언들이니. 일본어 속담도 제법 나옴.\n^브금이 ""호두까기 인형""이었다는걸 이제서야 알았다니.."
658ab47bcdbd5f02a2c39413,박래현,3.5,결국 사람을 만드는 것은 \n어떤 모습으로 돌아와도 그 사람의 옷을 걸쳐주는 것.\n[아트나인 오시이 마모루 특별전]
658ab47bcdbd5f02a2c39415,박희,4.0,새의 울음에는 슬퍼하지만\n물고기의 눈물에는 슬퍼하지 않으니\n목소리 있는자여 행복하여라\n고통 받아도 표현을 못 하는 건\n약자의 공통점이다\n약자를 돕는 그 시작은 목소리가 되어주는 것이다
658ab47bcdbd5f02a2c39417,ZY,4.0,"쿠사나기는 편재하는 신이 되었군...\n색감, 음악...\n좋군..."
658ab47bcdbd5f02a2c39419,모아이,4.0,바토의 고뇌가 돋보였다
658ab47bcdbd5f02a2c3941b,sayi,5.0,관객은 좌절하고 감독은 미소 짓는다
658ab47bcdbd5f02a2c3941d,후럴퀴,3.5,미장생만 남았어도 무죄!
658ab47bcdbd5f02a2c3941f,이혜원,4.5,"극적인 재미와 약간의 친절이 더했다면,별 반개 추가해서 만점.\n공각기동대 못지않은 카리스마를 뿜어냄."
658ab47bcdbd5f02a2c39421,8848,3.5,표현의 방식만 바꾼 같은 이야기.
658ab47bcdbd5f02a2c39423,김수빈,3.5,역시 공각기동대 특유의 분위기와 음악 대사들은 충격을 선사한다. 너무 즐겁게 볼 수 있었다. 특히 싸움과 2D/3D의 조합이 시각적으로도 즐거웠음. 다만 무거운게 아쉽다.\nP.S 깊이있는 철학적 내용을 받아들이기 힘들다ㅠ\n#2022.05.14
658ab47bcdbd5f02a2c39425,복숭아,4.5,“비고란에 감상을 잔뜩 주저리 주저리 채우는 타입이군.” 그 감상이 알차다.
658ab47bcdbd5f02a2c39427,고구마,3.5,공각기동대 팬에게는 특별한 이야기이지만 중간에 너무 멋부리는 말이 많아서 무슨 얘기를 하는 건가 싶다. 그래도 이 공각기동대가 다룰법한 사이보그 세계를 소재로 흥미로운 이야기를 전개하는 점은 역시 대단하다.
658ab47bcdbd5f02a2c39429,Hyun Bin Kim,5.0,"대부분의 당신을 거부할 영화.\n여전히 명상적인, 고밀도 작업."
658ab47bcdbd5f02a2c3942b,김난도로철학하기,4.0,갠적으로 공각기동대는 1보다 이노센스가 더 재밌다. 00년대초 어설픈 3d 질감이 주는 매력이 있음 ㅋㅋㅋ
658ab47bcdbd5f02a2c3942d,이카레,2.0,"2.5점을 줄까하다가 중간, 중간 너무 많은 인용문과  장면의 반복, 작화를 자랑하려는 듯한 과도한 배경 때문에 감점을 더 줬다.\n \n어떤 것을 주제로 삼고자 하는지는 알겠지만 과연 이게 상업 애니메이션이라고 할 수 있을까. \n \n전작보다 흥행이 더 안됐다던데 당연한 결과다. \n \n혼자 봐서 다행이다. 이걸 누군가와 같이 봐서는 당장 무엇을 주제로 대화를 나눌 것인가. 허세에 가득 차서 무엇을 설명하며 공감을 이끌어내고 싶지도 않다.\n \n지극히 철학적인 이 작품을 난 누구에게도 추천할 수 없다. \n \n다만 사이버펑크와 근미래를 배경으로 한 애니가 보고싶다면 '이런 것도 있다'라고 말해줄 수 있을 뿐."
658ab47bcdbd5f02a2c3942f,전채영,5.0,나는 개인적으로 퍼버벙 터지는 액션보다 이렇게 잔잔하고 생각할 거리가 많은 영화가 좋다. 쿠사나기가 떠난 후 바토는 불안정하고 안 그래도 생각할 거리가 많은 시대에 그 많은 고스트만큼의 생각 속에서 헤매이는 바토의 모습이 좋았다. 그만큼 쿠사나기의 부재가 바토에게는 큰 의미였으리라. \n 인형과 사람 사이의 차이를 굳이 찾아낼 수 없을만큼 인간같은 인형과 인형같은 사람 사이에 우리는 또 한 번 헤매이게 될 것이다. 오시이 마모루의 생각의 깊이는 정말 대단한 것 같다.\n 무엇보다 이루어질 수 없는 사랑을 하는 바토가 안쓰럽고 연민이 느껴진다.
658ab47bcdbd5f02a2c39431,김성재,2.5,명언으로 대본만들면 명언이 아니게 되는 묘한 현상
658ab47bcdbd5f02a2c39433,이고,3.5,전편에 이은 수작중 하나.\n반복되는 자아에서 현기증을 느낄 정도의 흐름이 좋았다.
658ab47bcdbd5f02a2c39435,HG,5.0,"자아는 진정한 주체의 본질이 아니며 오히려 주체를 속이는 기만적 환영이다\n-자크 라캉\n.\n인간의 자의식은 상상에 기반한다.\n거울 속을 보면서 '나'를 인지하기 시작하지만\n거울 속에 비친 모습은 실재가 아닌 '환각'이다.(거울단계)\n인간이 '나'라고 인지하는 '자아'의 상은 상상의 결과이며\n이러한 인간의 불완전한 인식능력은 현실의 불완전함을 초래한다.(상상계)\n. \n인간의 문명 세계 또한 신, 국가, 법인 등 가상의 실재에 기반하였고 \n가상의 실재는 객관적 실재보다 더 강력해지고 있다.\n이런 가상의 매트릭스 안에서 우리는 과연 무엇이 더 실제인지 단언할 수 있는가?"
658ab47ccdbd5f02a2c39437,DavidChoi,4.0,대중성은 갖다 버렸지만 공각기동대 매니아라면 재밌는 작품
658ab47ccdbd5f02a2c39439,김도원,4.0,.
658ab47ccdbd5f02a2c3943b,김진철,3.5,"호모 엑스 마키나. 암시를 주고 암시에 빠지다. 사라진 쿠사나기 소령이 어떤 식으로든 등장할 것이라는 암시를 주기는 했지만, 데우스 엑스 마키나의 등장처럼 쿠사나기의 등장과 함께 상황이 정리된다. 쓸데없는 명사들의 명언들이 주저리주저리 흘러 나오고, 왠지 1편에 비해서 좀 저렴해 진 듯한 느낌이다. 그럼에도 불구하고 오시이 마모루의 스타일리쉬함. 그 자체를 보는 것만으로도 충분할 것 같다."
658ab47ccdbd5f02a2c3943d,자소서 취미란에 영화적은놈,4.0,뛰어난 색을가진 작품
658ab47ccdbd5f02a2c3943f,이동원,2.5,공각1편 이후 10년이나 지났는데 그래픽 잔뜩 처바른거 외에는 전부 퇴보함. 후속작을 공각기동대 2라 안하고 이노센스라 제목지어서 전작 똥칠이나 덜 한건 다행.
658ab47ccdbd5f02a2c39441,김경동,4.5,"거울은 깨달음의 도구가 아닌, 헤매임의 도구다"
658ab47ccdbd5f02a2c39443,이용희,2.0,"마음 없이 물질 없고, 물질 없이 마음 없다. \n \n대사와 전개를 인용에 의존하다보니 영화가 지나치게 현학적이다. 일반적으로 납득하기 힘든 주제를 진리인양 가르치려 드니 거부감이 드는 것이다. 마음 없이 물질 없고, 물질 없이 마음 없듯, 보편성 없이는 특수성도 없다. \n2017년 2월 25일에 봄 "
658ab47ccdbd5f02a2c39445,Shon,4.0,"느릿느릿한 진행, 을씨년스러운 음악, 거대하지만 낡고 더러운 미래 사회, 틈만 나면 주고 받는 선문답들.\n \n다른 사람이 만들었으면 형사추리물이었을 물건이 오시이 감독 손을 거치니 이런 물건이 나왔다. 원작의 에피소드를 생각해보아도 한참 거리가 먼 분위기.\n \nCG가 전면에 쓰이고 색감을 전혀 다르게 연출하면서 동 감동의 전작(공각기동대)과도 느낌이 사뭇 다르다. 이 독특함 덕분에 이 영화가 특별하지 않을까 싶다."
658ab47ccdbd5f02a2c39447,Anthony,4.5,"<<공각기동대>>에 이어, 영화에 나오는 음악들 참 좋다. 이야기를 깊게 이해하려 애쓸 필요는 없고, 그냥 즐기면 될 것 같다. '대강' 어떤 이야기인지는 알 수 있을 테니까."
658ab47ccdbd5f02a2c39449,Jh Kei,4.0,공각 영화판중에 최고의 영상미와 음악이라고 평하고싶다
658ab47ccdbd5f02a2c3944b,맨오브더매치,5.0,아는 만큼 보인다.\n멍청하면 모른다.
658ab47ccdbd5f02a2c3944d,류혁,3.5,토이스토리 흑화버젼
658ab47ccdbd5f02a2c3944f,네프요나,3.0,"말하고 싶은 바는 알겠으나 욕심을 너무 부렸어, 영감."
658ab47ccdbd5f02a2c39451,서슬기,5.0,전작보다 아쉬워 4.5였는데\n바트의 바셋하운드가 매력적이라 5점♡
658ab47ccdbd5f02a2c39453,블랙마리아,5.0,감독의 심야 일기장을 그대로 영화화한 느낌. 하지만 그게 아니었다면 넣을 엄두도 못냈을 장면들이 수두룩. 인형만세
658ab47ccdbd5f02a2c39455,홀든 콜필드,3.5,"역시 공각기동대다! 했지만 이해했다고 할 수 있는 사람이 몇이나 될까... 어려웠다. 은유로 가득한 세계, 얼마나 해석할까 우리는, 그 슬픔을 얼마나..."
658ab47ccdbd5f02a2c39457,감성병신김태풍,3.0,디스토피아적인 세피아톤 애니메이션.
658ab47ccdbd5f02a2c39459,차동운,1.0,더알아듣지 못하겠구 더 지루해졌다
658ab47ccdbd5f02a2c3945b,신경수,3.0,다시 생각하게 되는 주제와 화려한 영상. 그러나 지루함은 오시이 마모루의 신비.
658ab47ccdbd5f02a2c3945d,정지호,4.0,내가 이해를 하면 철학. 이해하지 못하면 허세와 교조. 나는 후자이므로 이번 작품은 '과잉'. 그래도 공각기동대니까 별 넷.
658ab47ccdbd5f02a2c3945f,김원영,4.5,인간에 대한 심오한 고찰속에 버둥거리는 한남자의 순정을 담아낸 영화
658ab47ccdbd5f02a2c39461,정 승원 Алексей,4.0,이 영화 보기전에 철학책좀 많이 봐야겠다(-_ど) \n영화가 무겁고 진지하고 좋은데 너무 어렵다...
658ab47dcdbd5f02a2c39463,Ssendas,5.0,"공각기동대 시리즈중 가장 루즈하지만, 가장 여운이 남는 편이었다. 언제나 배경은 심심했는데 화려하다못해 아름다운 몇몇씬은 아직도 아른거린다."
658ab47dcdbd5f02a2c39465,우산장수,2.5,평점이 뭐이리 높아 이런 실패작이\n이 영화를 보기전에 심하게 졸리니 Hot6 를 준비해라
658ab47dcdbd5f02a2c39467,이재성,4.0,깊은 철학과 고뇌. 반성. 대중성이 부족하다는 것이 이 영화의 약점이자 매력. 
658ab47dcdbd5f02a2c39469,해삼히진,4.0,갠적으로 공각기동대보다 좋았다
658ab47dcdbd5f02a2c3946b,Ellis K,3.5,3d의 어색함을 이용해 기이한 분위기를 배가시킨다.
658ab47dcdbd5f02a2c3946d,여인수,3.5,대화를 하다가 갑자기 유명어구 인용하는 명대사 대결이 볼만하다. 분위기 하나는 정말 끝장나는 영화. 후대 같은 장르의 작품들에게 끼쳤을 영향이 눈에 보이는 듯하다
658ab47dcdbd5f02a2c3946f,권성훈,2.0,"영화 안에 넣고 싶은 것이 너무 많아 스토리텔링을 망쳤고,\n주제 측면에서도 인형과 인간의 이분법이 되려 주제를 망쳤다."
658ab47dcdbd5f02a2c39471,정해윤,3.0,비주얼적인 면모를 조금만 더 신경썼더라면 어땠을까
658ab47dcdbd5f02a2c39473,박랄프,4.0,바셋하운드 키우고싶다
658ab47dcdbd5f02a2c39475,햄미누,3.5,영상미. 그리고 공각기동대.\n주제 연출면에서는 훌륭하면서도 애매한
658ab47dcdbd5f02a2c39477,runmelo_,5.0,작화가 발전한만큼 오시이 마모루의 개똥철학도 풍부해졌다
658ab47dcdbd5f02a2c39479,영우,3.5,1에 비해선 약한 듯
658ab47dcdbd5f02a2c3947b,이동기,4.0,서늘함.
658ab47dcdbd5f02a2c3947d,오락충,3.0,오시이 마모루 브레이크 없이 밟으면 나오는 작품\n여전히 영상미와 분위기는 끝내주지만 특유의 인용식 대사들이 난무해 도저히 캐릭터들의 대화 처럼 느껴지지 않는다
658ab47dcdbd5f02a2c3947f,YkOh,2.5,왜 안봤을까 싶었는데\n보다보니 봤던 것 같다\n봤지만 기억에 남지 않을 정도였네\n사족 그 이상이 되지 못한 사족
658ab47dcdbd5f02a2c39481,잔인한詩,3.5,"Innocence\n\n가이노이드에 의한 살인 8건\n소유자 살해 후 자괴하여 전뇌 초기화\n해당 기체는 로쿠스 솔루스社 타입 2052 '하다리'\n섹서로이드\n\n9과 개입 이유\n1. 민사 소송은 전혀 없음\n2. 피해자 명단에 정치가, 공안관계 최직자 1명씩 포함\n테러 가능성 존재\n\n피해자 담당 '이시카와, 아즈마'\n공안 9과 토구사\n바토\n\n검시과 '해러웨이'\n\n살인사건 발생\n로쿠스 솔루사社 출하 검사부장 '잭 버커슨'\n초동수사 이시카와\n\n부장 아라마키\n\n용의자 홍진회 야쿠자 사무소\n와카바야시\n바토는 쑥대밭을 만든다\n\n부장에게 바토와 토구사는 한소리 듣고\n바토는 강쥐 밥을 사러 수퍼에 들렀다가\n습격을 당한다\n\n범죄 조직의 소굴\n에토로후 경제특구\n\n킴"
658ab47dcdbd5f02a2c39483,Rapture,3.5,2004년에 나왔다고 하기엔 요새 나오는 대부분의 일본 애니메이션 시리즈나 영화 뺨치는 영상미가 일품. 전작에 비해 완성도 면에서 더 뛰어나다고 생각하고 충분히 좋은 작품이라고 생각하지만 보면서 눈꺼풀이 쏟아지는 건 어쩔 수가 없었다. 개인적으로 같은 장르의 <블레이드 러너 2049>와 영화의 호흡이 비슷하다고 느껴져서 둘 중 하나를 하나도 안 졸고 재밌게 봤다면 나머지 하나도 충분히 즐길 수 있을거라 생각한다.
658ab47dcdbd5f02a2c39485,라따구리,3.5,"“인간은 왜 자신과 닮은 존재를 만들어내는가”\n\n“새의 울음에 눈물 흘려도\n물고기의 피에는 울지 않네”\n\n“목소리가 있는 자만 구원받게 되는가…”\n\n미래사회,인간,네트워크,ai 등의 배경을 작품의 주제와 철학전인 질문,기독교적 요소 들을 버무린 점은 여전히 좋았으나,\n너무 깊이 잠수해버려서 도저히 물 위로 떠오를수 없을만큼 자아도취 해버렸다."
658ab47dcdbd5f02a2c39487,최치원,3.0,공감과는 멀어졌다. 장르에는 더 가까워졌다.
658ab47dcdbd5f02a2c39489,SAS,3.5,재현 불가능한 압도적 퀄리티에 뒤따르는 작은 소품같은 이야기
658ab47dcdbd5f02a2c3948b,joozooclub,4.0,"후속편은 대개 기대를 하지 않고 보는데, 다행스럽게도(?) 일부러 찾아 본 보람이 있었다.\n영화는 생각보다 신선하고 재미있었다. 작화도 더 좋아졌고, 3d인가요? 당대 신기술이 혼합돼서 눈이 즐거웠음.\n다만 모든 흐름이 철학적 내용으로 점철돼서 다소 어려웠던.."
658ab47dcdbd5f02a2c3948d,불구경,2.5,기술적으로(만) 진보한 오시이 마모루.
658ab47dcdbd5f02a2c3948f,HermesDK,4.0,조금만 더 무게를 덜 잡았더라면.
658ab47ecdbd5f02a2c39491,왓챠진짜정리함,4.0,1편보다 재밌네? ㅎㅎ
658ab47ecdbd5f02a2c39493,이영진,5.0,인형과 인간 그리고 신. 생명이란 무엇일까.\n두 번째 볼 때 더 긴 글을 쓰기로.
658ab47ecdbd5f02a2c39495,J3,4.5,인형이 바트를 보고\n바트가 나를 보고.
658ab47ecdbd5f02a2c39497,심야할인,3.0,멋진 말도 계속 반복하면 귀에 안 들어오기 마련.
658ab47ecdbd5f02a2c39499,김현수,4.0,"신, 믿음, 사랑을 과학과 비과학으로 분류할 수 있다는 게 가장 큰 착각 아닌가?\n\n소령의 빈자리가 커보였으나, 그녀는 이미 초월적 존재, 방대한 네트의 숲 속을 홀로 거니는 코끼리처럼.\n\n인형으로 살지도 죽지도 않으려면.\n\np.s. 이제 내가 이런 류에서 궁금한 건 딱 하나 뿐이다. 정말로 전뇌는 욕망을 가질 수 있는가이다. 안드로이드와 사이보그의 욕망."
658ab47ecdbd5f02a2c3949b,조용하게,3.0,"""이해는 머릿속이 아니라 마음속 소망에서 생기지""\n\n""제 낯짝이 일그러져 있는데 거울을 탓하면 무엇하리""\n\n""남을 속이려는 놈일수록 속여먹기 쉬운 법"""
658ab47ecdbd5f02a2c3949d,민우,4.0,줌을 확대하니 스케일은 줄었지만 많은 것이 보인다
658ab47ecdbd5f02a2c3949f,사평,4.0,이 허세 가득 찬 사색이 나에게는 취향이다
658ab47ecdbd5f02a2c394a1,이준빈,3.5,"기술력, 긴장감, 아포리즘, 폭발력"
658ab47ecdbd5f02a2c394a3,린하임,3.5,십오하게 읊어주는 철학.
658ab47ecdbd5f02a2c394a5,이가람,2.0,자의식 과잉 상태로 영화 만들면 이런 괴작이 나오기 마련. 괴상한게 개성이 되진 않아.
658ab47ecdbd5f02a2c394a7,정성학,3.5,"마모루 감독답게 역시 공각기동대 삘과 세계관은 유지하고 있지만, 소령이 없는 자리를 바트 혼자서는 버겁게 느껴진다"
658ab47ecdbd5f02a2c394a9,서지운,3.5,배터지는 철학&미학 강의.
658ab47ecdbd5f02a2c394ab,ten egg,3.5,"잊지 마. 당신이 네트에 접속할 때, 난 반드시 당신 곁에 있을거야.\n\n😭😭😭 분량은 적었지만 충분한 팬서비스"
658ab47ecdbd5f02a2c394ad,박상민,2.5,"전작인 공각기동대의 진정한, 절대적인 '나'라는 존재, '자아'에 대한 철학적 고민의 연장선에서 세계 속 '인간'이라는 종의 존재에 대한 질문으로 확장시킨 점은 인상적이다. 그러나 이런 철학적 주제가 전작만큼 잘 전달되었는지는 의문이다.\n게다가 액션 연출이 별로고, 2d작화와 배경의 3d작화는 부자연스럽기까지 한다. 그리고 전작의 주인공인 소령의 존재는 끝에 가서 모든 상황을 해결하는 조력자로 등장하는데 이와 같은 방식의 캐릭터의 배치, 활용에는 아쉬움이 남는다."
658ab47ecdbd5f02a2c394af,박건우,4.0,
658ab47ecdbd5f02a2c394b1,온을,4.0,인형을 키운다는 것
658ab47ecdbd5f02a2c394b3,JHrock,4.0,"유전자의 확장된 표현형을 메인테마로 온갖 주제를 꾹꾹 눌러담았는데, 그러다보니 전작보다 내러티브가 복잡하고 모호해졌다.\n""보고서에 감상을 쓰는 타입이야. 나도 자주 그랬지.""\n\n<공각기동대>(1995)의 후속작."
658ab47ecdbd5f02a2c394b5,INWA,2.0,문장 하나하나에 힘을 주다 보니 작품이 산만해졌다
658ab47ecdbd5f02a2c394b7,이현진,5.0,호불호는 분명히 갈릴 수 있으나 누구에겐 삶의 지표를 분명히 세운 작품인건 맞는 거 같아요.
658ab47ecdbd5f02a2c394b9,김민구,4.0,공각기동대 극장판 전편의 철학적 부분을 비쥬얼과 함께 더욱 파고든 영화.
658ab47ecdbd5f02a2c394bb,김병진,1.0,190903 1.0
658ab47ecdbd5f02a2c394bd,PAZOREGGI,3.5,(+) 성당같은 공간에서 펼쳐진 전뇌 해킹의 시각화는 아주 인상적이지만 극 구성의 밸런스 조절에 실패한 배보다 배꼽이 더 커져버린 반쪽짜리 결과물. 움직임으로 풀어나가야 마땅할 사건들의 대다수는 대사로 쳐내고 고급스런 작화와 두뇌를 홀리는 선문답과 현학으로 메워놓았다. 하지만 홀리긴 한다.
658ab47fcdbd5f02a2c394bf,Fred의 영화일기,3.5,"철학적 난제들을 다 담고 싶고 보여주고 싶은 그 마음 이해 안 되는건 아니나,  그걸 굳이 캐릭터의 입을 빌려 장황하게 떠들 필요는 없었다. 의도였다면 전략의 실패고 선택이였다면 능력 부족이다.\n \n2019.04.19"
658ab47fcdbd5f02a2c394c1,일목요연,4.5,새의 피에는 슬퍼하나 물고기의 피에는 슬퍼하지 않는다. 목소리 있는 자여 행복하여라.
658ab47fcdbd5f02a2c394c3,정용원,4.0,"전작의 분위기를 더욱 세련되면서도 꺼림직하게 느껴졌음.\n거북했지만, 마냥 부정할 수 없는 역시나 철학적인 메세지를 던지는 답습은 여전히 곱씹기 좋은 소재인 듯하다."
658ab47fcdbd5f02a2c394c5,SeanLee,5.0,고독 속을 걸으며\n악을 행하지 않고\n바라는 것도 없는\n숲 속의 코끼리처럼\n#20181229
658ab47fcdbd5f02a2c394c7,김대명,2.5,의체. 사이보그 소재로 다룰 수 있는 테마를 이미 공각기동대에서 전부 다룬 건 아닐까.
658ab47fcdbd5f02a2c394c9,윤동원,4.5,비주얼 끝판왕\n현학성도 끝판왕
658ab47fcdbd5f02a2c394cb,햇빛귀신참패삼진아웃,3.0,오시이 마모루 특유의 지루함.
658ab47fcdbd5f02a2c394cd,Chris Stuckmann,3.5,B+
658ab47fcdbd5f02a2c394cf,무명인,4.0,시각적 연출과 분위기가 매우 좋은 영화입니다.
658ab47fcdbd5f02a2c394d1,IMDb 평점,4.0,7.6점
658ab47fcdbd5f02a2c394d3,Ilk,3.5,‘her’의 사만다가 육화된 모습이 벌써 이 때에
658ab47fcdbd5f02a2c394d5,대성,4.0,꼭봐야한다
658ab47fcdbd5f02a2c394d7,민빌빌,3.5,난왜 이번 편이 더 어렵지
658ab47fcdbd5f02a2c394d9,외계행성조교,4.5,작화 워우
658ab47fcdbd5f02a2c394db,전자상가,2.5,구구절절 시를읆는다고 감동받지 않는다. 전편의 충격을 기대했었는데
658ab47fcdbd5f02a2c394dd,환승,3.5,확실히 고스트쉘이 주었던 충격보단 덜 하구나.\n일단 주인공이. . .핰. . .ㅜㅠ
658ab47fcdbd5f02a2c394df,얄루,4.5,"""난 인형이 되고 싶지 않았어요""\n""목소리가 있는 자는 행복하여라""\n""인형에게도 목소리가 있었다면 난 인간이 되고 싶지 않았어요라고 했겠지""\n정말 많은 것을 담은 애니메이션. 난 이런 영화가 정말 좋다. 게다가 이건 애니메이션이라 더 좋다. 어색한 연기 때문에 몰입이 방해 될 위험이 없으니까! 이거 꼭 혼자 다시봐야지"
658ab47fcdbd5f02a2c394e1,cj,4.0,어렵다
658ab47fcdbd5f02a2c394e3,Heejin Hyun,4.5,머시떵
658ab47fcdbd5f02a2c394e5,이경민,4.0,솔직히 100% 이해하진 못하겠다\n그래도 영상미에 반한다\nb
658ab47fcdbd5f02a2c394e7,정경민,3.0,클래식과 현대미술 사이의 간극
658ab47fcdbd5f02a2c394e9,두억시니,3.5,어려운 말들과 실험적인 전개덕에 그때당시 재미있게 보진 못했으나.. 그 음울한 분위기와 강렬한 음악은 머릿속에 각인되어있다.
658ab47fcdbd5f02a2c394eb,승형,4.5,전작보다 더 무서웠던 영화
658ab480cdbd5f02a2c394ed,HAHNCHEOL YI,4.0,클래식이 되기에 충분해
658ab480cdbd5f02a2c394ef,토토로,3.5,전작보다 더욱 무거워진 분위기. 난해한 대사들이 거침없이 등장해서 정신이 없었지만.. 결국 기억에 남는건 쿠사나기를 향한 바토의 로맨스. 잠시 동안의 만남 후 이별의 과정은 <너의 이름은>이 생각날 정도. 이번 작품도 OST는 굉장히 훌륭했다.
658ab480cdbd5f02a2c394f1,한윤재,4.5,사실 오시이 마모루의 영화들은 철학적 상징들을 이상할 정도로 많이 담은 나머지 이에 집중하다 보면 영화의 줄거리를 알기 어려운 경우가 굉장히 많다.\n덜 씀
658ab480cdbd5f02a2c394f3,bottlesoup,4.0,무엇이 인간이라 칭할 수 있는지..\n마음에 드는 철학적 화두들
658ab480cdbd5f02a2c394f5,HaHonggu,4.0,무궁무진한 상상력에 감탄
658ab480cdbd5f02a2c394f7,두두,3.0,두세번봤는데.. 썩.. 기억에 안남는다. 어렵고 난해했던..
658ab480cdbd5f02a2c394f9,CGV,3.0,인형이 되기 싫어서 인형에 고스트를 심었다는 큰 설정을 바탕으로 인형과 인간을 '고스트'의 유무로 가정하여 대비하는 구조를 갖는다.\n전편을 이해하는 차원에서 한발짝 앞으로 나아가는 것보다 옆으로 간 점이 주요했다.
658ab480cdbd5f02a2c394fb,HANs,4.0,"현실이라는벽안에서무덤덤한하루들을보내고있는지금이아닌,\n어떤삶을살아야할지고민하고희망을품었었던그때그시절이그리워진다."
658ab480cdbd5f02a2c394fd,呪い,4.0,"주제가 난해하다기보다는 연출의 난해함을 무기로 사용했는데, 그것은 어느 정도 유효하다.\n'95년 공각기동대 극장판 애니메이션의 스토리상 정식 속편으로서 쿠사나기 모토코를 기대하는 사람들에게는 약간 허탈할 수 있겠다. 난 그랬어.\n공각기동대 전편보다는 이번 '이노센스' 가 2017년도 스칼렛 요한슨 주연의 실사영화에게 훨씬 많은 시각적 모티브를 제공한 것으로 보인다."
658ab480cdbd5f02a2c394ff,이원오,4.5,1편이 훨씬 심오한데 2편보고 어렵다고 혹평이라니...\n비주얼로보나 내용으로보나 내가 100번이상 돌려본 이유가 있지.
658ab480cdbd5f02a2c39501,가히,,"170611. \n철저한 내 취향. 그냥 떠올리기 싫다. '대중예술의 이해' 교양 수업 시험 범위였고, 내 친구들은 모두 작품성이 뛰어나다, 본인 인생작이다 등 말했지만, 나는 너무 징그럽고 싫었다. 보는 내내 화면을 다 가리고 자막만 보았다. 감상자를 압도하는 영상미와 음악은 훌륭했다는 것만 인정.. 공부하기 위해서 검색을 좀 했더니, 2편(이거)은 너무 추상적이어서 별로이고 1편이 훨씬 좋다는 반응이 있었다. 나중에 결혼하면 남편이랑 봐야 겠다. 그리고 내 친구는 스칼렛 요한슨이 나오는 영화는 보기 괜찮았다고 했다."
658ab480cdbd5f02a2c39503,WonSoul,4.0,기존의 느낌에 종교적인 의미와 우울한 감정이 좀 더 가미가 되어 보는 내내 머리가 지끈지끈해졌다.
658ab480cdbd5f02a2c39505,이민철,3.5,"지금 보이고 들리는건 현실인가? 아니, 애초에 현실이란 무엇인가?"
658ab480cdbd5f02a2c39507,LP,3.5,"인용구와 명언들, 철학적 깊이는 여전하다."
658ab480cdbd5f02a2c39509,미나수,4.0,거울은 깨달음의 도구가 아니라 헤매임의 도구이다.
658ab480cdbd5f02a2c3950b,DiActor,4.0,SF의 철학적 뿌리.
658ab480cdbd5f02a2c3950d,Hyun-Kyoo Park,3.0,고전 명작
658ab480cdbd5f02a2c3950f,조석준,3.5,"인간존재와 로봇윤리에 대한 9년만의 또다른 대답. 여전히 날카롭고, 미래사회에 대한 통찰력이 느껴진다.\n다만 정교한 비주얼을 유지했던 전작과 달리, 애매한 3d가 섞여 다소 어색했던 점이 아쉽다."
658ab480cdbd5f02a2c39511,시무룩한캘빈,3.0,복잡하고 철학적인 굴레. \n삶과 인생이 그와 마찬가지가 아닐까.
658ab480cdbd5f02a2c39513,SweetHorror,3.0,"-황홀한 비주얼과 음악에 허세덕즙 자극하는 오시이 마모루 대사들이 주렁주렁 달려있어 재밌게는 봤다만(이렇게 예쁜 작품을 절대 미워할 수 없는 법 :)) \n-솔직히 잉여스러운,불필요한 후속 이야기\n-오시이 마모루는 원작의 힘도 빌리지 않고 스스로 각본도 쓰고 대자본을 등에 업은채 완전 자기 하고싶은대로 했다. 진짜 순수 오시이 마모루 작품인셈. \n-근데 이 감독은 정말이지 '(뭔가 멋져 보이는 관념)이 아닌가' 식의 현학적이고 추상적인 대사들만 쓴다. 이 작품만 말하는 게 아니다. 이 사람이 쓰는 대사들 중 상호 작용이 되는 말들이 몇개나 되는가. 아바론도 그러하고 이 사람 영화가 어렵게 느껴지는 건 줄거리가 어렵거나 어려운 얘기를 해서가 아니라 줄거리와 세계관을 소개하는 데 관심이(혹은 기술이) 전혀 없고 오로지 형이상학적인 대사들로 이미지들에 가오 깊은 의미들을 부여하는데에만 몰두하기 때문이다. \n-결론은 오시이 마모루는 멋쟁이 허세-오타쿠. \n-강아지 씹귀 ㅠㅠㅠ"
658ab480cdbd5f02a2c39515,로기,4.0,완전한 모방의 끝에서야 느낄 수 있던 허망함이어라!
658ab480cdbd5f02a2c39517,스멀,3.5,화려한 영상미 진중하고 느리게 던지는 메세지
658ab480cdbd5f02a2c39519,뿌꿍꾸꿍,2.5,착각
658ab481cdbd5f02a2c3951b,양진광,4.0,고독 속을 걸으며 악을 행하지 않고 바라는 것도 없는 숲 속의 코끼리처럼
658ab481cdbd5f02a2c3951d,최민석,3.5,감독이 자신의 미학 세계를 밀어붙이는 건 좋아한다. 근데 내가 받아들이기엔 과하다 싶은 느낌이 있었다.
658ab481cdbd5f02a2c3951f,너와마주친느낌,3.0,고스트 인 더 쉘 이후 이노센스. 혁명 후 휴지기.
658ab481cdbd5f02a2c39521,SSOO K,4.0,"난해하다, 복잡하다, 그럼에도 공각기동대가 가지는 품격이 있다"
658ab481cdbd5f02a2c39523,한지웅,3.5,전편을 넘어서지 못한 후속작. 내용은 여전히 준수했지만 어설픈 3d와 회화의 조화가 너무 실망스러웠다.
658ab481cdbd5f02a2c39525,폴은오,2.5,명언대결하는 애니
658ab481cdbd5f02a2c39527,백준현,3.0,"명작을 이어받은 세계관은 좋지만, 쉬운 주제를 어렵게도 꼬아놨다..."
658ab481cdbd5f02a2c39529,최종석,2.5,사유와 주체성
658ab481cdbd5f02a2c3952b,문 찬우,4.0,전작 쿠사나기의 이야기가 존재의 초월에 대한 이야기였다면 버트의 이야기는 존재의 한계에 관한 이야기다. 쿠사나기를 따라 존재를 초월하지 못한채 그 자리에 서서 쿠사나기의 길을 밟는다. 뫼비우스의 띠 처럼 끝 없는 시련이 반복되지만 기꺼이 감수해낸다. 마지막 장면에서 꼬마아이에게 귀속된 인형과 세상에 귀속된 사이보그와 인조견은 마치 거울을 보는 듯 하다.
658ab481cdbd5f02a2c3952d,노성호,4.0,재미는 전편\n주제는 본편
658ab481cdbd5f02a2c3952f,장우석,5.0,장르의 틀안에서 풀어낸 사랑 이야기
658ab481cdbd5f02a2c39531,박해원,3.5,"사이보그의 인권 문제와 인간의 존재가치를 아이라는 순수한 존재와 결부시켜 고찰을 한 복잡미묘한 만화. 전작처럼 여전히 엄청난 철학풀이와 어려운 메시지로 무장되어 있지만 훨씬 감성적으로 와닿는 바는 컸다. 물론 갑자기 주인공이 바뀌어서 당황스러우면서 그리워진 감도 있지만 만화의 전체적인 퀄리티로 어느 정도 커버도 됐고 후반부에 전 주인공(쿠사나기)의 재등장으로 반가움은 배가됐다. 이번 작품은 다채로운 색감, 3D의 여유로운 활용으로 전작의 매우 우수하고 수준 높은 퀄리티지만 음울하고 칙칙할 수 있는 색감을 십분 극복하고 그림도 교훈도 제 색깔을 갖춘 애니였다."
658ab481cdbd5f02a2c39533,윤주영,3.5,액션 좋고 바트 간지 쩌는데 설명이 많다
658ab481cdbd5f02a2c39535,오상범,3.0,너무 적당했어
658ab481cdbd5f02a2c39537,그노시스,5.0,장인정신이 느껴진다. 이야기 구조가 어렵긴 하지만. 몇몇 장면은 정말 잊혀지지가 않는다.
658ab481cdbd5f02a2c39539,Jiho Jeong,4.5,개쩜.
658ab481cdbd5f02a2c3953b,정원,3.5,사랑하는 사람을 기약 없이 보낸다는 것.
658ab481cdbd5f02a2c3953d,ech,3.5,정신나간 영상미에 불친절한 선문답 폭풍.
658ab481cdbd5f02a2c3953f,ilot,5.0,복제
658ab481cdbd5f02a2c39541,손경욱,4.0,"평소에 잘 없는 일이긴 하지만 전날에 노느라 무리해서 몸상태가 좀 안좋았다. 그래도 이건 봐야지. 일본 애니메이션의 상징적인 의미로써, 제작 자체가 일본에서 좀 이벤트 성이 있었다는 얘길 들었다. 나에게도 비슷한 의미로 일종의 이벤트였다. 전작에 대한 약간의 속죄의 의미도 있고 말이지.\n당시의 우리들 – 이라기엔 해당하는 개체수가 좀 많지만 – 에게 공각기동대(와 오시이 마모루)는 어떤 상징으로써 상당한 문제작이었다. 그에게 동의했든 그렇지 않았든 말이다. 이노센스에 와서도 역시, 아니 지금 이 시대에 와서도 그에게 동의하든 그렇지 않든 그가 진심으로 윽박지르는 데에 슬렁슬렁 상대할 수는 없는 일 아닌가. 이쪽도 진심으로 하는 수밖에.\n최근 그처럼 마구 윽박지르는 상대를 만난 적이 없기에 좀 피곤해졌다. 그래서 다음날부터 난 앓기 시작했다."
658ab481cdbd5f02a2c39543,Wouldyou Kim,3.0,공각기동대는 한편으로 끝났어야 했다\n그래도 헐리웃 바보들보단 나아서 삼부작은 만들지 않았네
658ab481cdbd5f02a2c39545,황종문,3.5,전편이 괜히 넘사벽이 아니지
658ab481cdbd5f02a2c39547,박상록,4.5,인간은 죽음을 두려워하는 게 아니라 그 너머 공허를 두려워한다. 그 두려움 속에서 피어나는 생의 의지 한 가닥... 그게 삶이다.
658ab481cdbd5f02a2c39549,호응이,5.0,고독히 걸으며\n악을 낳지 않고\n원하는 것은 적다\n숲 속을 거니는 코끼리처럼\n마스터피스
658ab482cdbd5f02a2c3954b,hj,4.0,주제도 좋고 (두번보고 이해한)스토리도 좋고 연출 구성도 좋았으나 중간에 지루해서 졸아버렸다. 전작에서는 같은 부분에서 오히려 빠져들었는데... 좀 더 친절하고(엔딩 직전에 모든게 밝혀지는 대신에...)  그리고 좀 더 긴박한 분위기가 느껴졌더라면 4.5였을텐데
658ab482cdbd5f02a2c3954d,여름,4.0,전작에 이어 인간의 조건에 대해 다시한번 성찰한다.
658ab482cdbd5f02a2c3954f,레디투파이어,3.5,감독의 인용(引用)병에 오염되지만 않았더라도...
658ab482cdbd5f02a2c39551,mayitbe1,3.0,뭔 소리인지 모르겠다. 이럴 때는 꼭 좀 이 말을 해주고 싶다. '적당히 좀 해. 좀 적당히.' \n내가 진지한 소재를 다룬 애니영화를 좋아하긴해도 이런 류는 다시보기가 싫다.
658ab482cdbd5f02a2c39553,Saturn9,4.0,자거나 감동받거나\n재미 빼고 다 있는 걸작 애니메이션
658ab482cdbd5f02a2c39555,마초맨,3.0,"좋은 작품은 어려운 이야기를 쉽게 전달하는 것인데, 이 작품은 쉬운 이야기를 엄청나게 어렵게 풀어나간다. 있어보이려고 한다는 평이 많은 이유가 다 여기에 있다."
658ab482cdbd5f02a2c39557,호랑이어흥,4.5,생각없이 살아가는 인간에게 생각을 하게 만드는 작품
658ab482cdbd5f02a2c39559,David Lee,4.0,메세지 강박증\n이해불가의 메세지는 개소리와 같다\n하지만 걸작
658ab482cdbd5f02a2c3955b,다정논객무정론,5.0,쿠사나기/인형사는 희망을 가지고 떠났던 것 같았다. 그러나 여전히 세계는 쟂빛이며 그것은 해답을 가지고 돌아오지 않았다.
658ab482cdbd5f02a2c3955d,이서용,4.0,인생급 영화.\n블레이드 러너를 보기 전까진
658ab482cdbd5f02a2c3955f,김승규,4.0,대학 1학년 교양수업때 교수님이 보라고 하셨던 영화. 수업 이름도 생각이 안나고 왜 보라고 하신건지도 기억 안나지만 갑자기 생각나서 봤는데 생각외로 많이 철학적인 만화였다. 전역하고 기회가 되면 공각기동대 찬찬히 봐야겠다. 예전엔 수업 들을때 개 대충 들었는데 그 수업도 다시 들어보고 싶다.
658ab482cdbd5f02a2c39561,신상규,3.0,설명이 많다
658ab482cdbd5f02a2c39563,박지환,5.0,당신의 영혼은 어떠한가
658ab482cdbd5f02a2c39565,ㅇcㅇ,2.0,힘 빠지긴 했다
658ab482cdbd5f02a2c39567,홍륜건,5.0,"""혼이 넣어진 인형이 어찌될진 생각 안 했나!""\n오리지널 개가 비싼, 생명의 자리에 무기물이 들어찬 디스토피아. \n불쾌한 골짜기에 들어선 공포영화다. 으 소름끼침. \n영상도 음악도 철학적 고뇌도 굿, 어렵긴 어렵다."
658ab482cdbd5f02a2c39569,이기훈,4.0,눈을 의심케 할 정도로 뛰어난 비주얼과 깊어지고 싶은 인용 대사들의 서로 충돌해도 인상적인 영화가 된다
658ab482cdbd5f02a2c3956b,이철민,5.0,노래가락에 맞춰 그저 따라갈 뿐입니다. 소령님~
658ab482cdbd5f02a2c3956d,정희철,3.5,오이시 마모루의 느림템포와 철학으로 인해 짧게 마무리 될 수있는 스토리를 1시간 30분의 애니메이션으로 쭉쭉늘린듯한 기분. 뛰어난 연출은 맘에들지만\n이 장면이 꼭 필요한 장면이었을까 의문하는부분들이 너무많다
658ab482cdbd5f02a2c3956f,전경호,4.5,4번은 본 것 같은데 40번은 더 봐야겠다.
658ab482cdbd5f02a2c39571,Lorde,2.5,쓸데없이 인용을 많이함. 그냥 있어보이는 척 하는 느낌
658ab482cdbd5f02a2c39573,김종수,4.5,눈과 귀가 느낀점수.
658ab482cdbd5f02a2c39575,MyungHoPark,3.0,내가 이해하기엔 너무 어렵다.\n아니 순수하지 못한걸까?
658ab483cdbd5f02a2c39577,네마짜데,5.0,초집중 \n이란 단어는 이럴때나 쓰는것\n두손 엄지로는 부족하다!!!
658ab483cdbd5f02a2c39579,최동환,2.5,안 좋은 의미의 철학 영화의 표본. 노잼 교양 강좌를 보는 기분.
658ab483cdbd5f02a2c3957b,씨기,4.0,95년 작인 원작에서 깔아놓은 감정들과 사건들이 04년도에 꽃피었다.
658ab483cdbd5f02a2c3957d,조슈아,3.0,"발전된 그래픽, 여전한 음악, 퇴보된 재미."
658ab483cdbd5f02a2c3957f,이동선,2.5,뭔가  굉장해보이는 세계관이지만 내 저조한머리로는 이해할수가 없다
658ab483cdbd5f02a2c39581,권정민,3.5,공각기동대 보다 훨씬 진보된 비주얼 쇼크. 하지만 내용은 전보다 퇴화했다는게 함정
658ab483cdbd5f02a2c39583,정경진,4.5,"네트가, 도시 전체가, 세계가 하나의 고스트로 통한다. 쿠사나기를 감히 초월자라고 불러도 될는지?"
658ab483cdbd5f02a2c39585,김동민,4.0,눈깔에 초첨이 없어서 무서운 영화
658ab483cdbd5f02a2c39587,비버,2.5,애매해진 공각기동대.
658ab483cdbd5f02a2c39589,대감독,4.0,거대한 사고실험
658ab483cdbd5f02a2c3958b,rego,5.0,모더니즘
658ab483cdbd5f02a2c3958d,유승원,5.0,SF의 세계관을 빌려 말한 가장 인공적인 곳에서의 생명의 본질과 인간성에 대한 질문. 늘어지는 서사가 아쉽지만 그속에서 빛나는 섬세한 연출과 인간 실존에 대한 화두. 인상깊다.
658ab483cdbd5f02a2c3958f,엄하늘,5.0,정말이지 매혹적이다.
658ab483cdbd5f02a2c39591,킴 클라우스,4.0,섬뜩한 애니
658ab483cdbd5f02a2c39593,김웅기,4.0,도시의 펑키한 분위기에 압도당한다.
658ab483cdbd5f02a2c39595,이정원,3.5,영상은 말할 것 없고 의외로 플롯에 독특한 구조가 있다.
658ab483cdbd5f02a2c39597,평민,3.5,전작보다 훨씬 깊어지고 강해진 메세지와 연출.
658ab483cdbd5f02a2c39599,경계선,4.5,존재에 대한 사유와 성찰의 정점. 영상미는 덤.
658ab483cdbd5f02a2c3959b,Joo Sung Kang,5.0,오시이마모루의 정점이 아니었을지
658ab483cdbd5f02a2c3959d,Horomai,3.5,"영상은 지금봐도 대단할 정도로 진보했지만, 내용은 공각기동대에서 제자리걸음. 차인 여자에게 또 한번 차이는게 그렇게 보고잡나?"
658ab483cdbd5f02a2c3959f,UnFlic,4.0,"'삶과 죽음이 오고 가는 것은 무대의 꼭두각시와 같다. 하나의 선이 끊어질 때, 떨어져 돌이 된다.' \n육체를 통제하던 정신이 파괴될 때 죽음에 이른다."
658ab483cdbd5f02a2c395a1,김대연,4.0,모토코 소령은 없지만 철학은 그대로
658ab483cdbd5f02a2c395a3,disegno,3.5,지루한듯 보여도 곳곳에 숨어 있는 상징과 성찰들은 전작 못지 않다. 영상미는 덤.
658ab484cdbd5f02a2c395a5,정의철,4.0,화폭에 그린 듯한 아득한 미래
658ab484cdbd5f02a2c395a7,김한수,2.0,과하다 과해.. 지루함이.. 소령이 없는 공각기동대는 이러하다
658ab484cdbd5f02a2c395a9,박현우,5.0,로봇에 관한 영화에서 이보다 깊은 사유는 앞으로 볼 수 없을지도 모른다.
658ab484cdbd5f02a2c395ab,김규광,4.0,화두를 던지는 것만이 다른 누군가에게 할 수 있는 최선이다.
658ab484cdbd5f02a2c395ad,노란하늘,4.0,소령의 목소리가 나오는 순간~!!
658ab484cdbd5f02a2c395af,옥희,3.5,중간에 살짝 꼬였지만 막판에 시원하게 해결되었다. 기괴해서 더욱 현실적이었던 영화.
658ab484cdbd5f02a2c395b1,안성옥,3.5,"전편을 반드시 봐야 이해되는 영화. (2501, 멜로라인)"
658ab484cdbd5f02a2c395b3,이적행위,3.5,메모하고 싶어지는 멋진 대사들......
658ab484cdbd5f02a2c395b5,전병관,3.0,말은 아주그냥 내용은?
658ab484cdbd5f02a2c395b7,EJH,4.0,시저를 이해하기 위해서 시저가 될 필요는 없다. \n중요한 건 뭔가를 바라거나 사는 것에 싫증을 내지 않는 일인 것 같아. \n명대사가 난무하는 작품. 언제봐도 명작.
658ab484cdbd5f02a2c395b9,이김박,3.5,전작보다 못하지만 그럭저럭 볼만한 작품.
658ab484cdbd5f02a2c395bb,정연하,3.5,인간이 인간의 모습을 하고 있지 않은 시대. 인간에 대해 묻는 영화
658ab484cdbd5f02a2c395bd,루블릿,4.0,인간과 닮았다는 이유로 인간이 되고 싶어할 거라 믿는 착각. 당신은 인형과 닮았다는 이유로 인형이 되고 싶은가. 인형들 또한 인간이 되고 싶지 않다며 소리치지 않겠느냐고.
658ab484cdbd5f02a2c395bf,Yun Ho Ko,3.5,일편을 기대한탓에 재미가 덜 했던... 영화자체보단 목적의식에 너무 치중
658ab484cdbd5f02a2c395c1,눈보라왕국,3.5,다 좋은데..\n그래도 난 쿠사나기 모토코의 허벅지가 보고 싶었단 말이다.
658ab484cdbd5f02a2c395c3,잠잘까,3.5,1편보다 난해해졌다. 우리가 기대한 공각기동대는 전공책이 아니다.
658ab484cdbd5f02a2c395c5,강범석,5.0,공각기동대의 심오함과 액션.\n극장판의 화려함.
658ab484cdbd5f02a2c395c7,안정현,2.0,뭐든지 too much는 좋지 않은 것 같다...공각기동대에서는 성경과 여러 고전들을 적당히 인용했지만 이번엔 과하다..이걸 보느니 공각기동대를 한번 더 보는게 바람직
658ab484cdbd5f02a2c395c9,Hyonsoo Han,5.0,쿠사나기는 언제나 멋져
658ab484cdbd5f02a2c395cb,박군,5.0,인간의 정의는 무엇인가에 대해 다시한번 더 고찰한다.
658ab484cdbd5f02a2c395cd,김재훈,5.0,자아를 갖고 있는게 인간이라 정의 한다면 로봇도 인간이지 않은가\n그럼 자아를 가지지 못한 애들은 인간이라고 부를수 없지않은가
658ab484cdbd5f02a2c395cf,이순호,1.5,공각기동대 시리즈를 좋아하지만 이건 이해하기가 너무 힘들다.
658ab484cdbd5f02a2c395d1,LBMin,4.0,색다르고 신선한 \n뛰어난 영상미에 경이로움을 느낀다
658ab485cdbd5f02a2c395d3,박창주,4.0,만화계의 혁명. 철학을 만화로 담은 영화.
658ab485cdbd5f02a2c395d5,Hyeok_S,4.0,"소리에 놀라지 않는 사자처럼, 그물에 걸리지 않는 바람처럼..영상미의 정점을 보여준 작품."
658ab485cdbd5f02a2c395d7,와치맨,3.0,"킬존, 음악몽타주, 막판 복재로봇들의 움직임. 이것만 기억난다"
658ab485cdbd5f02a2c395d9,yj,5.0,소리와 영상에 융합되는 것 같다 최고의 영화!
658ab485cdbd5f02a2c395db,김홍주,4.0,"인간이란, 사랑이란 무엇인가에 대한 지극히 현학적 질문과 연출"
658ab485cdbd5f02a2c395dd,soso,4.0,급 보고싶어서 오랜만에 다시 봤어요\n남는 건 음악에 영상미 이고\n너무 폼잡는 게 흠인듯 ㅡㅡ
658ab485cdbd5f02a2c395df,Yonggi Lee,3.0,공각기동대에서 이어진 영상미의 향연. 그러나 메시지를 좀 더 쉽게 전달했음 어땠을까 하는 아쉬움이 남는다
658ab485cdbd5f02a2c395e1,거니,5.0,전작이 너무 뛰어나 조금은 모자라지만 그래도 명불허전
658ab485cdbd5f02a2c395e3,SAC,5.0,공각기동대 시리즈. 뭐 더 말이 필요한가.\n2013년에 새로 나온 비긴즈 같은 그것 빼고.
658ab485cdbd5f02a2c395e5,김우한,5.0,반가움 그 자체!
658ab485cdbd5f02a2c395e7,체셔고양이,3.0,비쥬얼의 향연
658ab485cdbd5f02a2c395e9,닉네임,3.0,다시 봐
658ab485cdbd5f02a2c395eb,백진호,3.0,어릴적 공각기동대라는 애니메이션을 접하고 이 영화를 본기억이 있다\n연출은 좋았다고 기억하는데 왜 큰인상은 남질 않을까
658ab485cdbd5f02a2c395ed,김효석,2.0,마모루감독은 여기까지가 한계었을지도...
658ab485cdbd5f02a2c395ef,노무현입니다,4.0,좀 우울하다
658ab485cdbd5f02a2c395f1,김창민,5.0, 진짜 좋아하는 장르윽 최고봉
658ab485cdbd5f02a2c395f3,Sol Park,5.0,완전 천재감독이다. 진짜 내용은이해가잘안가지만 영감을 불어넣어주는애니메이션 대박 나도이런거만들고싶어 ㅠㅠ
658ab485cdbd5f02a2c395f5,이진우,5.0,내 생에 최고의 애니를 꼽는다면 당연 이노센스
658ab485cdbd5f02a2c395f7,BluueSong,4.0,와.........이게 만화야?
658ab485cdbd5f02a2c395f9,크리다뮴,4.0,공각기동대는 세계관과 배경만으로 3점\n하지만 5점은 아님.
658ab485cdbd5f02a2c395fb,Haq Park,5.0,"공각기동대의 가장 최신 극장판, 매트릭스 등등 SF 장르인데 뭔가 느낌이 오묘하다 그건 다 공각기동대한테서 온거여.."
658ab485cdbd5f02a2c395fd,쿡쿠다스,5.0,의미없이 찍어내는 영화와는 비교도 안되는 작품. 생각이 많아진다.
